case,policy,status,reached,collision,timeout,final_x,final_y,goal_dist_2d,min_obs_dist_2d,min_clearance_2d,robot_radius,obs_radius
front_oncoming,author,collision,1,1,0,4.162760060397324,0.38097937932572734,0.9198456413645221,0.1636550599035482,-0.7020303650456899,0.3,0.5656854249492381
front_oncoming,own1500,collision,1,1,0,4.018879436237532,0.06151121498659187,0.9830468911535751,0.05972678587260203,-0.8059586390766361,0.3,0.5656854249492381
front_oncoming,dynstopfinal,collision,1,1,0,4.013449198540071,0.14662800309088708,0.9973877155608291,0.07642038164706236,-0.7892650433021757,0.3,0.5656854249492381
cross_yneg_to_path,author,collision,1,1,0,4.131857711770393,0.4187479186652405,0.9638572778160722,0.5118247327203377,-0.35386069222890043,0.3,0.5656854249492381
cross_yneg_to_path,own1500,reached,1,0,0,4.026007664754743,0.05622051700313919,0.975613558561283,0.9273643326988895,0.06167890774965146,0.3,0.5656854249492381
cross_yneg_to_path,dynstopfinal,reached,1,0,0,4.062470841149119,0.10502298928858543,0.9433932117493488,0.9154514110849877,0.049765986135749674,0.3,0.5656854249492381
